year_data;costs_per_cph;costs;cph;ATCO_prod;ATCO_costs_per_h;support_costs_per_cph;costs_per_cph_change_perc;costs_change_perc;cph_change_perc;ATCO_prod_change_perc;ATCO_costs_per_h_change_perc;support_costs_per_cph_change_perc;index_costs;index_cph
2020;865.1527783;8236283236;9520033.274;0.469842839;129.7356153;589.0272222;1.196558713;-0.049046545;-0.567071233;-0.499370602;0.097671129;1.198427782;100.1239365;49.87429865
2019;393.8673585;8661079249;21989837.6;0.938504294;118.1916987;267.931122;0.000545131;0.017838622;0.017284069;0.010509449;0.008801315;0.00159935;105.2879465;115.2020898
2018;393.6527663;8509285328;21616221.34;0.928743709;117.1605319;267.5032906;-0.033033864;0.019480196;0.054308065;0.053407649;0.004757656;-0.026706143;103.4426718;113.2447596
2017;407.1008815;8346690168;20502756.31;0.881656508;116.6057619;274.843295;-0.036078579;0.010097407;0.047904304;0.04174701;0.010534624;-0.038994734;101.4660925;107.4114514
2016;422.3382451;8263252745;19565485.35;0.846324971;115.3901699;285.9956181;-0.019994036;0.004517899;0.025012026;0.016368119;0.015684433;-0.028944514;100.4517899;102.5012026
2015;430.9547702;8226088110;19088054.43;0.832695315;113.6082883;294.5203671;-0.010284458;0.006118585;0.016573493;0.014085527;0.016604437;-0.016089729;100;100
