year_data;costs_per_cph;costs;cph;ATCO_prod;ATCO_costs_per_h;support_costs_per_cph;costs_per_cph_change_perc;costs_change_perc;cph_change_perc;ATCO_prod_change_perc;ATCO_costs_per_h_change_perc;support_costs_per_cph_change_perc;index_costs;index_cph
2020;865.0241517;8235628389;9520691.847;0.469957077;129.7581829;588.9176961;1.196232043;-0.049122153;-0.567041265;-0.499248857;0.097862069;1.1980189;100.1159759;49.87775119
2019;393.867376;8661079249;21989836.62;0.938504252;118.1916987;267.9311339;0.00054513;0.017838622;0.017284069;0.010509449;0.008801315;0.001599349;105.2879465;115.2020901
2018;393.652784;8509285328;21616220.37;0.928743667;117.1605319;267.5033027;-0.033033865;0.019480196;0.054308066;0.05340765;0.004757656;-0.026706144;103.4426718;113.2447598
2017;407.1009002;8346690168;20502755.37;0.881656468;116.6057619;274.8433077;-0.036078579;0.010097407;0.047904305;0.041747011;0.010534624;-0.038994735;101.4660925;107.4114516
2016;422.3382648;8263252745;19565484.43;0.846324932;115.3901699;285.9956314;-0.019994036;0.004517899;0.025012027;0.01636812;0.015684433;-0.028944515;100.4517899;102.5012027
2015;430.9547905;8226088110;19088053.53;0.832695276;113.6082883;294.5203809;-0.010284458;0.006118585;0.016573493;0.014085527;0.016604437;-0.016089729;100;100
